{"cameraMode":{"drawMode":0,"name":"Shaded","section":"Shading Mode"},"sceneLighting":false,"audioPlay":false,"sceneViewState":{"showFog":true,"showMaterialUpdate":false,"showSkybox":false,"showFlares":true,"showImageEffects":true,"showParticleSystems":true},"in2DMode":false,"pivot":{"x":-0.00107574462890625,"y":-2.957090139389038,"z":0.0000457763671875},"rotation":{"x":-0.26534488797187807,"y":0.0410560742020607,"z":-0.011310269124805928,"w":-0.9632192254066467},"size":4.345613479614258,"orthographic":false}