{"cameraMode":{"drawMode":0,"name":"Shaded","section":"Shading Mode"},"sceneLighting":false,"audioPlay":false,"sceneViewState":{"showFog":true,"showMaterialUpdate":false,"showSkybox":false,"showFlares":true,"showImageEffects":true,"showParticleSystems":true},"in2DMode":false,"pivot":{"x":9.5367431640625e-7,"y":0.0,"z":1.4901161193847657e-8},"rotation":{"x":-0.31611859798431399,"y":0.21159663796424867,"z":-0.07255154103040695,"w":-0.9219753742218018},"size":0.6730265617370606,"orthographic":false}